solver,instance,status,objval_reported,objbound,solvertime,totaltime,filename,objval_solution,max_linear_violation,max_soc_violation,max_socrot_violation,validator_status,validator_objval
CPLEX_MISOCP_EP,clay0303h.cbf,Optimal,26669.10662394325,26669.106623943255,0.7474379539489746,2.6573219299316406,CPLEX_MISOCP_EP.clay0303h.txt,26669.10662394325,0.0049331465970681165,0.000996410846710205,0.0,Optimal,26669.052183374413
 ,clay0303h.cbf,Optimal,26668.802210253827,26668.802210253827,0.5929181575775146,2.1917309761047363,GUROBI_MISOCP.clay0303h.txt,26668.802210253827,5.775291356258094e-11,0.006194117479026318,0.0,Optimal,26669.100225408984
GUROBI_MISOCP,pp-n100-d10000.cbf,UserLimit,19855.794729586447,19854.94207901896,60.000606060028076,61.368037939071655,GUROBI_MISOCP.pp-n100-d10000.txt,19855.79472958645,4.7208459363901056e-11,0.0,5.329070518200751e-15,Optimal,19855.794729578025
